timestamp;status_code;length;output_file
2023-08-17 18:49:38;200;257977;c:\Users\Archie\Desktop\social data\SODAS2023\EXAM\data
2023-08-17 18:49:38;200;269497;c:\Users\Archie\Desktop\social data\SODAS2023\EXAM\data
2023-08-17 18:49:39;200;274175;c:\Users\Archie\Desktop\social data\SODAS2023\EXAM\data
2023-08-17 18:49:40;200;293840;c:\Users\Archie\Desktop\social data\SODAS2023\EXAM\data
2023-08-17 18:49:41;200;284366;c:\Users\Archie\Desktop\social data\SODAS2023\EXAM\data
2023-08-17 18:49:42;200;325934;c:\Users\Archie\Desktop\social data\SODAS2023\EXAM\data
2023-08-17 18:49:42;200;353145;c:\Users\Archie\Desktop\social data\SODAS2023\EXAM\data
2023-08-17 18:49:43;200;317125;c:\Users\Archie\Desktop\social data\SODAS2023\EXAM\data
2023-08-17 18:49:45;200;302977;c:\Users\Archie\Desktop\social data\SODAS2023\EXAM\data
2023-08-17 18:49:46;200;327343;c:\Users\Archie\Desktop\social data\SODAS2023\EXAM\data
2023-08-17 18:49:47;200;340885;c:\Users\Archie\Desktop\social data\SODAS2023\EXAM\data
2023-08-17 18:49:47;200;298778;c:\Users\Archie\Desktop\social data\SODAS2023\EXAM\data
2023-08-17 18:49:48;200;313692;c:\Users\Archie\Desktop\social data\SODAS2023\EXAM\data
2023-08-17 18:49:49;200;314536;c:\Users\Archie\Desktop\social data\SODAS2023\EXAM\data
2023-08-17 18:49:50;200;285460;c:\Users\Archie\Desktop\social data\SODAS2023\EXAM\data
2023-08-17 18:49:51;200;305114;c:\Users\Archie\Desktop\social data\SODAS2023\EXAM\data
2023-08-17 18:49:52;200;317989;c:\Users\Archie\Desktop\social data\SODAS2023\EXAM\data
2023-08-17 18:49:52;200;333460;c:\Users\Archie\Desktop\social data\SODAS2023\EXAM\data
2023-08-17 18:49:53;200;340980;c:\Users\Archie\Desktop\social data\SODAS2023\EXAM\data
2023-08-17 18:49:55;200;292939;c:\Users\Archie\Desktop\social data\SODAS2023\EXAM\data
2023-08-17 18:49:55;200;283183;c:\Users\Archie\Desktop\social data\SODAS2023\EXAM\data
2023-08-17 18:49:56;200;288248;c:\Users\Archie\Desktop\social data\SODAS2023\EXAM\data
2023-08-17 18:49:57;200;298002;c:\Users\Archie\Desktop\social data\SODAS2023\EXAM\data
2023-08-17 18:49:58;200;319586;c:\Users\Archie\Desktop\social data\SODAS2023\EXAM\data
2023-08-17 18:49:59;200;257476;c:\Users\Archie\Desktop\social data\SODAS2023\EXAM\data
2023-08-17 18:50:00;200;299867;c:\Users\Archie\Desktop\social data\SODAS2023\EXAM\data
2023-08-17 18:50:01;200;295802;c:\Users\Archie\Desktop\social data\SODAS2023\EXAM\data
2023-08-17 18:50:02;200;292364;c:\Users\Archie\Desktop\social data\SODAS2023\EXAM\data
2023-08-17 18:50:03;200;300846;c:\Users\Archie\Desktop\social data\SODAS2023\EXAM\data
2023-08-17 18:50:04;200;280445;c:\Users\Archie\Desktop\social data\SODAS2023\EXAM\data
2023-08-17 18:50:05;200;334427;c:\Users\Archie\Desktop\social data\SODAS2023\EXAM\data
2023-08-17 18:50:06;200;301166;c:\Users\Archie\Desktop\social data\SODAS2023\EXAM\data
2023-08-17 18:50:06;200;283386;c:\Users\Archie\Desktop\social data\SODAS2023\EXAM\data
2023-08-17 18:50:07;200;286110;c:\Users\Archie\Desktop\social data\SODAS2023\EXAM\data
2023-08-17 18:50:08;200;311898;c:\Users\Archie\Desktop\social data\SODAS2023\EXAM\data
2023-08-17 18:50:10;200;292751;c:\Users\Archie\Desktop\social data\SODAS2023\EXAM\data
2023-08-17 18:50:11;200;351034;c:\Users\Archie\Desktop\social data\SODAS2023\EXAM\data
2023-08-17 18:50:12;200;340191;c:\Users\Archie\Desktop\social data\SODAS2023\EXAM\data
2023-08-17 18:50:12;200;326087;c:\Users\Archie\Desktop\social data\SODAS2023\EXAM\data
2023-08-17 18:50:13;200;298267;c:\Users\Archie\Desktop\social data\SODAS2023\EXAM\data
2023-08-17 18:50:16;200;301108;c:\Users\Archie\Desktop\social data\SODAS2023\EXAM\data
2023-08-17 18:50:17;200;317528;c:\Users\Archie\Desktop\social data\SODAS2023\EXAM\data
2023-08-17 18:50:17;200;275714;c:\Users\Archie\Desktop\social data\SODAS2023\EXAM\data
2023-08-17 18:50:21;200;302575;c:\Users\Archie\Desktop\social data\SODAS2023\EXAM\data
2023-08-17 18:50:21;200;292800;c:\Users\Archie\Desktop\social data\SODAS2023\EXAM\data
2023-08-17 18:50:22;200;2088720;c:\Users\Archie\Desktop\social data\SODAS2023\EXAM\data
2023-08-17 18:50:23;200;313470;c:\Users\Archie\Desktop\social data\SODAS2023\EXAM\data
2023-08-17 18:50:24;200;339699;c:\Users\Archie\Desktop\social data\SODAS2023\EXAM\data
2023-08-17 18:50:25;200;325371;c:\Users\Archie\Desktop\social data\SODAS2023\EXAM\data
2023-08-17 18:50:29;200;378761;c:\Users\Archie\Desktop\social data\SODAS2023\EXAM\data
2023-08-17 18:50:30;200;348324;c:\Users\Archie\Desktop\social data\SODAS2023\EXAM\data
2023-08-17 18:50:31;200;300367;c:\Users\Archie\Desktop\social data\SODAS2023\EXAM\data
2023-08-17 18:50:32;200;291160;c:\Users\Archie\Desktop\social data\SODAS2023\EXAM\data
2023-08-17 18:50:35;200;312998;c:\Users\Archie\Desktop\social data\SODAS2023\EXAM\data
2023-08-17 18:50:36;200;317733;c:\Users\Archie\Desktop\social data\SODAS2023\EXAM\data
2023-08-17 18:50:37;200;317935;c:\Users\Archie\Desktop\social data\SODAS2023\EXAM\data
2023-08-17 18:50:38;200;283680;c:\Users\Archie\Desktop\social data\SODAS2023\EXAM\data
2023-08-17 18:50:39;200;323842;c:\Users\Archie\Desktop\social data\SODAS2023\EXAM\data
2023-08-17 18:50:39;200;385162;c:\Users\Archie\Desktop\social data\SODAS2023\EXAM\data
2023-08-17 18:50:40;200;304432;c:\Users\Archie\Desktop\social data\SODAS2023\EXAM\data
2023-08-17 18:50:46;200;340074;c:\Users\Archie\Desktop\social data\SODAS2023\EXAM\data
2023-08-17 18:50:46;200;326489;c:\Users\Archie\Desktop\social data\SODAS2023\EXAM\data
2023-08-17 18:50:47;200;295391;c:\Users\Archie\Desktop\social data\SODAS2023\EXAM\data
2023-08-17 18:50:55;200;317027;c:\Users\Archie\Desktop\social data\SODAS2023\EXAM\data
2023-08-17 18:50:56;200;312494;c:\Users\Archie\Desktop\social data\SODAS2023\EXAM\data
2023-08-17 18:50:57;200;303836;c:\Users\Archie\Desktop\social data\SODAS2023\EXAM\data
2023-08-17 18:50:57;200;259292;c:\Users\Archie\Desktop\social data\SODAS2023\EXAM\data
2023-08-17 18:50:58;200;275776;c:\Users\Archie\Desktop\social data\SODAS2023\EXAM\data
2023-08-17 18:50:59;200;323323;c:\Users\Archie\Desktop\social data\SODAS2023\EXAM\data
2023-08-17 18:50:59;200;297054;c:\Users\Archie\Desktop\social data\SODAS2023\EXAM\data
2023-08-17 18:51:00;200;274924;c:\Users\Archie\Desktop\social data\SODAS2023\EXAM\data
2023-08-17 18:51:01;200;280459;c:\Users\Archie\Desktop\social data\SODAS2023\EXAM\data
2023-08-17 18:51:02;200;302228;c:\Users\Archie\Desktop\social data\SODAS2023\EXAM\data
2023-08-17 18:51:02;200;337875;c:\Users\Archie\Desktop\social data\SODAS2023\EXAM\data
2023-08-17 18:51:03;200;284567;c:\Users\Archie\Desktop\social data\SODAS2023\EXAM\data
2023-08-17 18:51:04;200;335041;c:\Users\Archie\Desktop\social data\SODAS2023\EXAM\data
2023-08-17 18:51:05;200;285673;c:\Users\Archie\Desktop\social data\SODAS2023\EXAM\data
2023-08-17 18:51:13;200;297435;c:\Users\Archie\Desktop\social data\SODAS2023\EXAM\data
2023-08-17 18:51:14;200;310297;c:\Users\Archie\Desktop\social data\SODAS2023\EXAM\data
2023-08-17 18:51:15;200;313814;c:\Users\Archie\Desktop\social data\SODAS2023\EXAM\data
2023-08-17 18:51:15;200;294476;c:\Users\Archie\Desktop\social data\SODAS2023\EXAM\data
2023-08-17 18:51:16;200;257729;c:\Users\Archie\Desktop\social data\SODAS2023\EXAM\data
2023-08-17 18:51:17;200;334340;c:\Users\Archie\Desktop\social data\SODAS2023\EXAM\data
2023-08-17 18:51:22;200;301781;c:\Users\Archie\Desktop\social data\SODAS2023\EXAM\data
2023-08-17 18:51:23;200;319715;c:\Users\Archie\Desktop\social data\SODAS2023\EXAM\data
2023-08-17 18:51:25;200;337272;c:\Users\Archie\Desktop\social data\SODAS2023\EXAM\data
2023-08-17 18:51:26;200;323460;c:\Users\Archie\Desktop\social data\SODAS2023\EXAM\data
2023-08-17 18:51:27;200;303374;c:\Users\Archie\Desktop\social data\SODAS2023\EXAM\data
2023-08-17 18:51:28;200;302407;c:\Users\Archie\Desktop\social data\SODAS2023\EXAM\data
2023-08-17 18:51:29;200;326101;c:\Users\Archie\Desktop\social data\SODAS2023\EXAM\data
2023-08-17 18:51:30;200;355631;c:\Users\Archie\Desktop\social data\SODAS2023\EXAM\data
2023-08-17 18:51:30;200;323498;c:\Users\Archie\Desktop\social data\SODAS2023\EXAM\data
2023-08-17 18:51:38;200;289965;c:\Users\Archie\Desktop\social data\SODAS2023\EXAM\data
2023-08-17 18:51:38;200;314271;c:\Users\Archie\Desktop\social data\SODAS2023\EXAM\data
2023-08-17 18:51:39;200;310554;c:\Users\Archie\Desktop\social data\SODAS2023\EXAM\data
2023-08-17 18:51:40;200;303482;c:\Users\Archie\Desktop\social data\SODAS2023\EXAM\data
2023-08-17 18:51:42;200;290118;c:\Users\Archie\Desktop\social data\SODAS2023\EXAM\data
2023-08-17 18:51:43;200;287180;c:\Users\Archie\Desktop\social data\SODAS2023\EXAM\data
2023-08-17 18:51:44;200;283157;c:\Users\Archie\Desktop\social data\SODAS2023\EXAM\data
2023-08-17 18:51:45;200;308164;c:\Users\Archie\Desktop\social data\SODAS2023\EXAM\data
2023-08-17 18:51:45;200;287782;c:\Users\Archie\Desktop\social data\SODAS2023\EXAM\data
2023-08-17 18:51:46;200;336009;c:\Users\Archie\Desktop\social data\SODAS2023\EXAM\data
2023-08-17 18:51:47;200;319241;c:\Users\Archie\Desktop\social data\SODAS2023\EXAM\data
2023-08-17 18:51:48;200;312358;c:\Users\Archie\Desktop\social data\SODAS2023\EXAM\data
2023-08-17 18:51:49;200;313840;c:\Users\Archie\Desktop\social data\SODAS2023\EXAM\data
2023-08-17 18:51:50;200;271283;c:\Users\Archie\Desktop\social data\SODAS2023\EXAM\data
2023-08-17 18:51:52;200;297978;c:\Users\Archie\Desktop\social data\SODAS2023\EXAM\data
2023-08-17 18:51:52;200;264561;c:\Users\Archie\Desktop\social data\SODAS2023\EXAM\data
2023-08-17 18:51:53;200;314356;c:\Users\Archie\Desktop\social data\SODAS2023\EXAM\data
2023-08-17 18:51:54;200;291728;c:\Users\Archie\Desktop\social data\SODAS2023\EXAM\data
2023-08-17 18:51:55;200;278137;c:\Users\Archie\Desktop\social data\SODAS2023\EXAM\data
2023-08-17 18:51:55;200;295737;c:\Users\Archie\Desktop\social data\SODAS2023\EXAM\data
2023-08-17 18:52:04;200;316690;c:\Users\Archie\Desktop\social data\SODAS2023\EXAM\data
2023-08-17 18:52:05;200;300301;c:\Users\Archie\Desktop\social data\SODAS2023\EXAM\data
2023-08-17 18:52:06;200;272586;c:\Users\Archie\Desktop\social data\SODAS2023\EXAM\data
2023-08-17 18:52:07;200;342324;c:\Users\Archie\Desktop\social data\SODAS2023\EXAM\data
2023-08-17 18:52:07;200;317434;c:\Users\Archie\Desktop\social data\SODAS2023\EXAM\data
2023-08-17 18:52:08;200;293434;c:\Users\Archie\Desktop\social data\SODAS2023\EXAM\data
2023-08-17 18:52:09;200;265467;c:\Users\Archie\Desktop\social data\SODAS2023\EXAM\data
2023-08-17 18:52:10;200;347251;c:\Users\Archie\Desktop\social data\SODAS2023\EXAM\data
2023-08-17 18:52:11;200;282140;c:\Users\Archie\Desktop\social data\SODAS2023\EXAM\data
2023-08-17 18:52:13;200;351034;c:\Users\Archie\Desktop\social data\SODAS2023\EXAM\data
2023-08-17 18:52:14;200;340191;c:\Users\Archie\Desktop\social data\SODAS2023\EXAM\data
2023-08-17 18:52:14;200;326087;c:\Users\Archie\Desktop\social data\SODAS2023\EXAM\data
2023-08-17 18:52:15;200;298267;c:\Users\Archie\Desktop\social data\SODAS2023\EXAM\data
2023-08-17 18:52:16;200;301108;c:\Users\Archie\Desktop\social data\SODAS2023\EXAM\data
2023-08-17 18:52:17;200;317528;c:\Users\Archie\Desktop\social data\SODAS2023\EXAM\data
2023-08-17 18:52:17;200;275714;c:\Users\Archie\Desktop\social data\SODAS2023\EXAM\data
2023-08-17 18:52:19;200;302575;c:\Users\Archie\Desktop\social data\SODAS2023\EXAM\data
2023-08-17 18:52:22;200;292800;c:\Users\Archie\Desktop\social data\SODAS2023\EXAM\data
2023-08-17 18:52:23;200;2088720;c:\Users\Archie\Desktop\social data\SODAS2023\EXAM\data
2023-08-17 18:52:24;200;313470;c:\Users\Archie\Desktop\social data\SODAS2023\EXAM\data
2023-08-17 18:52:25;200;339699;c:\Users\Archie\Desktop\social data\SODAS2023\EXAM\data
2023-08-17 18:52:25;200;325371;c:\Users\Archie\Desktop\social data\SODAS2023\EXAM\data
2023-08-17 18:52:26;200;378761;c:\Users\Archie\Desktop\social data\SODAS2023\EXAM\data
2023-08-17 18:52:27;200;348324;c:\Users\Archie\Desktop\social data\SODAS2023\EXAM\data
2023-08-17 18:52:28;200;351034;c:\Users\Archie\Desktop\social data\SODAS2023\EXAM\data
2023-08-17 18:52:35;200;340191;c:\Users\Archie\Desktop\social data\SODAS2023\EXAM\data
2023-08-17 18:52:36;200;326087;c:\Users\Archie\Desktop\social data\SODAS2023\EXAM\data
2023-08-17 18:52:36;200;298267;c:\Users\Archie\Desktop\social data\SODAS2023\EXAM\data
2023-08-17 18:52:37;200;301108;c:\Users\Archie\Desktop\social data\SODAS2023\EXAM\data
2023-08-17 18:52:38;200;317528;c:\Users\Archie\Desktop\social data\SODAS2023\EXAM\data
2023-08-17 18:52:39;200;275714;c:\Users\Archie\Desktop\social data\SODAS2023\EXAM\data
2023-08-17 18:52:41;200;302575;c:\Users\Archie\Desktop\social data\SODAS2023\EXAM\data
2023-08-17 18:52:43;200;292800;c:\Users\Archie\Desktop\social data\SODAS2023\EXAM\data
2023-08-17 18:52:44;200;2088720;c:\Users\Archie\Desktop\social data\SODAS2023\EXAM\data
2023-08-17 18:52:44;200;313470;c:\Users\Archie\Desktop\social data\SODAS2023\EXAM\data
2023-08-17 18:52:45;200;339699;c:\Users\Archie\Desktop\social data\SODAS2023\EXAM\data
2023-08-17 18:52:46;200;325371;c:\Users\Archie\Desktop\social data\SODAS2023\EXAM\data
2023-08-17 18:52:47;200;378761;c:\Users\Archie\Desktop\social data\SODAS2023\EXAM\data
2023-08-17 18:52:54;200;348324;c:\Users\Archie\Desktop\social data\SODAS2023\EXAM\data
2023-08-17 18:53:03;200;300367;c:\Users\Archie\Desktop\social data\SODAS2023\EXAM\data
2023-08-17 18:53:13;200;312998;c:\Users\Archie\Desktop\social data\SODAS2023\EXAM\data
2023-08-17 18:53:14;200;317733;c:\Users\Archie\Desktop\social data\SODAS2023\EXAM\data
2023-08-17 18:53:14;200;317935;c:\Users\Archie\Desktop\social data\SODAS2023\EXAM\data
2023-08-17 18:53:15;200;283680;c:\Users\Archie\Desktop\social data\SODAS2023\EXAM\data
2023-08-17 18:53:16;200;323842;c:\Users\Archie\Desktop\social data\SODAS2023\EXAM\data
2023-08-17 18:53:22;200;385162;c:\Users\Archie\Desktop\social data\SODAS2023\EXAM\data
2023-08-17 18:53:23;200;304432;c:\Users\Archie\Desktop\social data\SODAS2023\EXAM\data
2023-08-17 18:53:24;200;340074;c:\Users\Archie\Desktop\social data\SODAS2023\EXAM\data
2023-08-17 18:53:24;200;326489;c:\Users\Archie\Desktop\social data\SODAS2023\EXAM\data
2023-08-17 18:53:25;200;295391;c:\Users\Archie\Desktop\social data\SODAS2023\EXAM\data
2023-08-17 18:53:28;200;317027;c:\Users\Archie\Desktop\social data\SODAS2023\EXAM\data
2023-08-17 18:53:28;200;312494;c:\Users\Archie\Desktop\social data\SODAS2023\EXAM\data
2023-08-17 18:53:29;200;303836;c:\Users\Archie\Desktop\social data\SODAS2023\EXAM\data
2023-08-17 18:53:30;200;275776;c:\Users\Archie\Desktop\social data\SODAS2023\EXAM\data
2023-08-17 18:53:31;200;323323;c:\Users\Archie\Desktop\social data\SODAS2023\EXAM\data
2023-08-17 18:53:32;200;297054;c:\Users\Archie\Desktop\social data\SODAS2023\EXAM\data
2023-08-17 18:53:33;200;274924;c:\Users\Archie\Desktop\social data\SODAS2023\EXAM\data
2023-08-17 18:53:34;200;280459;c:\Users\Archie\Desktop\social data\SODAS2023\EXAM\data
2023-08-17 18:53:44;200;302228;c:\Users\Archie\Desktop\social data\SODAS2023\EXAM\data
2023-08-17 18:53:45;200;337875;c:\Users\Archie\Desktop\social data\SODAS2023\EXAM\data
2023-08-17 18:53:48;200;284567;c:\Users\Archie\Desktop\social data\SODAS2023\EXAM\data
2023-08-17 18:53:49;200;335041;c:\Users\Archie\Desktop\social data\SODAS2023\EXAM\data
2023-08-17 18:53:50;200;285673;c:\Users\Archie\Desktop\social data\SODAS2023\EXAM\data
2023-08-17 18:53:51;200;297435;c:\Users\Archie\Desktop\social data\SODAS2023\EXAM\data
2023-08-17 18:53:52;200;310297;c:\Users\Archie\Desktop\social data\SODAS2023\EXAM\data
2023-08-17 18:53:53;200;313814;c:\Users\Archie\Desktop\social data\SODAS2023\EXAM\data
2023-08-17 18:53:53;200;294476;c:\Users\Archie\Desktop\social data\SODAS2023\EXAM\data
2023-08-17 18:53:54;200;257729;c:\Users\Archie\Desktop\social data\SODAS2023\EXAM\data
2023-08-17 18:54:01;200;334340;c:\Users\Archie\Desktop\social data\SODAS2023\EXAM\data
2023-08-17 18:54:02;200;301781;c:\Users\Archie\Desktop\social data\SODAS2023\EXAM\data
2023-08-17 18:54:03;200;319715;c:\Users\Archie\Desktop\social data\SODAS2023\EXAM\data
2023-08-17 18:54:03;200;337272;c:\Users\Archie\Desktop\social data\SODAS2023\EXAM\data
2023-08-17 18:54:04;200;323460;c:\Users\Archie\Desktop\social data\SODAS2023\EXAM\data
2023-08-17 18:54:05;200;303374;c:\Users\Archie\Desktop\social data\SODAS2023\EXAM\data
2023-08-17 18:54:05;200;302407;c:\Users\Archie\Desktop\social data\SODAS2023\EXAM\data
2023-08-17 18:54:07;200;326101;c:\Users\Archie\Desktop\social data\SODAS2023\EXAM\data
2023-08-17 18:54:08;200;355631;c:\Users\Archie\Desktop\social data\SODAS2023\EXAM\data
2023-08-17 18:54:09;200;323498;c:\Users\Archie\Desktop\social data\SODAS2023\EXAM\data
2023-08-17 18:54:11;200;289965;c:\Users\Archie\Desktop\social data\SODAS2023\EXAM\data
2023-08-17 18:54:12;200;314271;c:\Users\Archie\Desktop\social data\SODAS2023\EXAM\data
2023-08-17 18:54:13;200;310554;c:\Users\Archie\Desktop\social data\SODAS2023\EXAM\data
2023-08-17 18:54:13;200;303482;c:\Users\Archie\Desktop\social data\SODAS2023\EXAM\data
2023-08-17 18:54:16;200;290118;c:\Users\Archie\Desktop\social data\SODAS2023\EXAM\data
2023-08-17 18:54:17;200;287180;c:\Users\Archie\Desktop\social data\SODAS2023\EXAM\data
2023-08-17 18:54:18;200;283157;c:\Users\Archie\Desktop\social data\SODAS2023\EXAM\data
2023-08-17 18:54:27;200;308164;c:\Users\Archie\Desktop\social data\SODAS2023\EXAM\data
2023-08-17 18:54:27;200;287782;c:\Users\Archie\Desktop\social data\SODAS2023\EXAM\data
2023-08-17 18:54:28;200;336009;c:\Users\Archie\Desktop\social data\SODAS2023\EXAM\data
2023-08-17 18:54:29;200;312025;c:\Users\Archie\Desktop\social data\SODAS2023\EXAM\data
2023-08-17 18:54:31;200;276833;c:\Users\Archie\Desktop\social data\SODAS2023\EXAM\data
2023-08-17 18:54:31;200;313121;c:\Users\Archie\Desktop\social data\SODAS2023\EXAM\data
2023-08-17 18:54:32;200;316253;c:\Users\Archie\Desktop\social data\SODAS2023\EXAM\data
2023-08-17 18:54:33;200;270430;c:\Users\Archie\Desktop\social data\SODAS2023\EXAM\data
2023-08-17 18:54:43;200;307308;c:\Users\Archie\Desktop\social data\SODAS2023\EXAM\data
2023-08-17 18:54:44;200;2091022;c:\Users\Archie\Desktop\social data\SODAS2023\EXAM\data
2023-08-17 18:54:45;200;314794;c:\Users\Archie\Desktop\social data\SODAS2023\EXAM\data
2023-08-17 18:54:46;200;474329;c:\Users\Archie\Desktop\social data\SODAS2023\EXAM\data
2023-08-17 18:54:46;200;302062;c:\Users\Archie\Desktop\social data\SODAS2023\EXAM\data
2023-08-17 18:54:47;200;293849;c:\Users\Archie\Desktop\social data\SODAS2023\EXAM\data
2023-08-17 18:54:48;200;284015;c:\Users\Archie\Desktop\social data\SODAS2023\EXAM\data
2023-08-17 18:54:49;200;479552;c:\Users\Archie\Desktop\social data\SODAS2023\EXAM\data
2023-08-17 18:54:50;200;306631;c:\Users\Archie\Desktop\social data\SODAS2023\EXAM\data
2023-08-17 18:54:51;200;298262;c:\Users\Archie\Desktop\social data\SODAS2023\EXAM\data
2023-08-17 18:54:52;200;283778;c:\Users\Archie\Desktop\social data\SODAS2023\EXAM\data
2023-08-17 18:54:53;200;294924;c:\Users\Archie\Desktop\social data\SODAS2023\EXAM\data
2023-08-17 18:54:54;200;415723;c:\Users\Archie\Desktop\social data\SODAS2023\EXAM\data
2023-08-17 18:54:55;200;306153;c:\Users\Archie\Desktop\social data\SODAS2023\EXAM\data
2023-08-17 18:54:55;200;329563;c:\Users\Archie\Desktop\social data\SODAS2023\EXAM\data
2023-08-17 18:54:56;200;290862;c:\Users\Archie\Desktop\social data\SODAS2023\EXAM\data
2023-08-17 18:54:57;200;325510;c:\Users\Archie\Desktop\social data\SODAS2023\EXAM\data
2023-08-17 18:54:58;200;300567;c:\Users\Archie\Desktop\social data\SODAS2023\EXAM\data
2023-08-17 18:54:59;200;342725;c:\Users\Archie\Desktop\social data\SODAS2023\EXAM\data
2023-08-17 18:55:05;200;279111;c:\Users\Archie\Desktop\social data\SODAS2023\EXAM\data
2023-08-17 18:55:06;200;322095;c:\Users\Archie\Desktop\social data\SODAS2023\EXAM\data
2023-08-17 18:55:07;200;278769;c:\Users\Archie\Desktop\social data\SODAS2023\EXAM\data
2023-08-17 18:55:08;200;278237;c:\Users\Archie\Desktop\social data\SODAS2023\EXAM\data
2023-08-17 18:55:09;200;294108;c:\Users\Archie\Desktop\social data\SODAS2023\EXAM\data
2023-08-17 18:55:10;200;2089266;c:\Users\Archie\Desktop\social data\SODAS2023\EXAM\data
2023-08-17 18:55:11;200;283958;c:\Users\Archie\Desktop\social data\SODAS2023\EXAM\data
2023-08-17 18:55:11;200;286185;c:\Users\Archie\Desktop\social data\SODAS2023\EXAM\data
2023-08-17 18:55:12;200;303249;c:\Users\Archie\Desktop\social data\SODAS2023\EXAM\data
2023-08-17 18:55:16;200;287789;c:\Users\Archie\Desktop\social data\SODAS2023\EXAM\data
2023-08-17 18:55:17;200;271319;c:\Users\Archie\Desktop\social data\SODAS2023\EXAM\data
2023-08-17 18:55:18;200;296888;c:\Users\Archie\Desktop\social data\SODAS2023\EXAM\data
2023-08-17 18:55:18;200;347487;c:\Users\Archie\Desktop\social data\SODAS2023\EXAM\data
2023-08-17 18:55:20;200;286185;c:\Users\Archie\Desktop\social data\SODAS2023\EXAM\data
2023-08-17 18:55:21;200;291651;c:\Users\Archie\Desktop\social data\SODAS2023\EXAM\data
2023-08-17 18:55:22;200;302205;c:\Users\Archie\Desktop\social data\SODAS2023\EXAM\data
2023-08-17 18:55:22;200;331976;c:\Users\Archie\Desktop\social data\SODAS2023\EXAM\data
2023-08-17 18:55:23;200;289547;c:\Users\Archie\Desktop\social data\SODAS2023\EXAM\data
2023-08-17 18:55:24;200;280021;c:\Users\Archie\Desktop\social data\SODAS2023\EXAM\data
2023-08-17 18:55:34;200;305028;c:\Users\Archie\Desktop\social data\SODAS2023\EXAM\data
2023-08-17 18:55:36;200;292876;c:\Users\Archie\Desktop\social data\SODAS2023\EXAM\data
2023-08-17 18:55:37;200;309417;c:\Users\Archie\Desktop\social data\SODAS2023\EXAM\data
2023-08-17 18:55:42;200;288665;c:\Users\Archie\Desktop\social data\SODAS2023\EXAM\data
2023-08-17 18:55:43;200;277826;c:\Users\Archie\Desktop\social data\SODAS2023\EXAM\data
2023-08-17 18:55:44;200;326653;c:\Users\Archie\Desktop\social data\SODAS2023\EXAM\data
2023-08-17 18:55:45;200;290223;c:\Users\Archie\Desktop\social data\SODAS2023\EXAM\data
2023-08-17 18:55:46;200;285521;c:\Users\Archie\Desktop\social data\SODAS2023\EXAM\data
2023-08-17 18:55:54;200;1502124;c:\Users\Archie\Desktop\social data\SODAS2023\EXAM\data
2023-08-17 18:55:58;200;283409;c:\Users\Archie\Desktop\social data\SODAS2023\EXAM\data
2023-08-17 18:55:58;200;283942;c:\Users\Archie\Desktop\social data\SODAS2023\EXAM\data
2023-08-17 18:55:59;200;290138;c:\Users\Archie\Desktop\social data\SODAS2023\EXAM\data
2023-08-17 18:56:01;200;293450;c:\Users\Archie\Desktop\social data\SODAS2023\EXAM\data
2023-08-17 18:56:02;200;316979;c:\Users\Archie\Desktop\social data\SODAS2023\EXAM\data
2023-08-17 18:56:03;200;302002;c:\Users\Archie\Desktop\social data\SODAS2023\EXAM\data
2023-08-17 18:56:11;200;273832;c:\Users\Archie\Desktop\social data\SODAS2023\EXAM\data
2023-08-17 18:56:12;200;279612;c:\Users\Archie\Desktop\social data\SODAS2023\EXAM\data
2023-08-17 18:56:13;200;1499265;c:\Users\Archie\Desktop\social data\SODAS2023\EXAM\data
2023-08-17 18:56:15;200;285069;c:\Users\Archie\Desktop\social data\SODAS2023\EXAM\data
2023-08-17 18:56:16;200;282489;c:\Users\Archie\Desktop\social data\SODAS2023\EXAM\data
2023-08-17 18:56:21;200;303472;c:\Users\Archie\Desktop\social data\SODAS2023\EXAM\data
2023-08-17 18:56:23;200;340919;c:\Users\Archie\Desktop\social data\SODAS2023\EXAM\data
2023-08-17 18:56:23;200;310356;c:\Users\Archie\Desktop\social data\SODAS2023\EXAM\data
2023-08-17 18:56:25;200;302568;c:\Users\Archie\Desktop\social data\SODAS2023\EXAM\data
2023-08-17 18:56:26;200;256594;c:\Users\Archie\Desktop\social data\SODAS2023\EXAM\data
2023-08-17 18:56:27;200;302722;c:\Users\Archie\Desktop\social data\SODAS2023\EXAM\data
2023-08-17 18:56:28;200;270272;c:\Users\Archie\Desktop\social data\SODAS2023\EXAM\data
2023-08-17 18:56:29;200;378927;c:\Users\Archie\Desktop\social data\SODAS2023\EXAM\data
2023-08-17 18:56:30;200;308444;c:\Users\Archie\Desktop\social data\SODAS2023\EXAM\data
2023-08-17 18:56:32;200;332150;c:\Users\Archie\Desktop\social data\SODAS2023\EXAM\data
2023-08-17 18:56:32;200;291362;c:\Users\Archie\Desktop\social data\SODAS2023\EXAM\data
2023-08-17 18:56:33;200;275281;c:\Users\Archie\Desktop\social data\SODAS2023\EXAM\data
2023-08-17 18:56:36;200;276575;c:\Users\Archie\Desktop\social data\SODAS2023\EXAM\data
2023-08-17 18:56:37;200;291054;c:\Users\Archie\Desktop\social data\SODAS2023\EXAM\data
2023-08-17 18:56:38;200;313432;c:\Users\Archie\Desktop\social data\SODAS2023\EXAM\data
2023-08-17 18:56:38;200;272434;c:\Users\Archie\Desktop\social data\SODAS2023\EXAM\data
2023-08-17 18:56:39;200;299743;c:\Users\Archie\Desktop\social data\SODAS2023\EXAM\data
2023-08-17 18:56:40;200;318562;c:\Users\Archie\Desktop\social data\SODAS2023\EXAM\data
2023-08-17 18:56:44;200;325261;c:\Users\Archie\Desktop\social data\SODAS2023\EXAM\data
2023-08-17 18:56:45;200;285060;c:\Users\Archie\Desktop\social data\SODAS2023\EXAM\data
2023-08-17 18:56:45;200;305844;c:\Users\Archie\Desktop\social data\SODAS2023\EXAM\data
2023-08-17 18:56:46;200;2090063;c:\Users\Archie\Desktop\social data\SODAS2023\EXAM\data
2023-08-17 18:56:47;200;281731;c:\Users\Archie\Desktop\social data\SODAS2023\EXAM\data
2023-08-17 18:56:48;200;261145;c:\Users\Archie\Desktop\social data\SODAS2023\EXAM\data
2023-08-17 18:56:48;200;293716;c:\Users\Archie\Desktop\social data\SODAS2023\EXAM\data
2023-08-17 18:56:49;200;285275;c:\Users\Archie\Desktop\social data\SODAS2023\EXAM\data
2023-08-17 18:56:50;200;318802;c:\Users\Archie\Desktop\social data\SODAS2023\EXAM\data
2023-08-17 18:56:51;200;270495;c:\Users\Archie\Desktop\social data\SODAS2023\EXAM\data
2023-08-17 18:56:52;200;311004;c:\Users\Archie\Desktop\social data\SODAS2023\EXAM\data
2023-08-17 18:56:52;200;258721;c:\Users\Archie\Desktop\social data\SODAS2023\EXAM\data
2023-08-17 18:56:53;200;310015;c:\Users\Archie\Desktop\social data\SODAS2023\EXAM\data
2023-08-17 18:56:54;200;299355;c:\Users\Archie\Desktop\social data\SODAS2023\EXAM\data
2023-08-17 18:56:55;200;274172;c:\Users\Archie\Desktop\social data\SODAS2023\EXAM\data
2023-08-17 18:56:56;200;322901;c:\Users\Archie\Desktop\social data\SODAS2023\EXAM\data
2023-08-17 18:56:57;200;315557;c:\Users\Archie\Desktop\social data\SODAS2023\EXAM\data
2023-08-17 18:56:58;200;1502267;c:\Users\Archie\Desktop\social data\SODAS2023\EXAM\data
2023-08-17 18:56:59;200;252639;c:\Users\Archie\Desktop\social data\SODAS2023\EXAM\data
2023-08-17 18:56:59;200;310813;c:\Users\Archie\Desktop\social data\SODAS2023\EXAM\data
2023-08-17 18:57:00;200;290915;c:\Users\Archie\Desktop\social data\SODAS2023\EXAM\data
2023-08-17 18:57:01;200;283699;c:\Users\Archie\Desktop\social data\SODAS2023\EXAM\data
2023-08-17 18:57:02;200;274106;c:\Users\Archie\Desktop\social data\SODAS2023\EXAM\data
2023-08-17 18:57:02;200;312618;c:\Users\Archie\Desktop\social data\SODAS2023\EXAM\data
2023-08-17 18:57:03;200;289543;c:\Users\Archie\Desktop\social data\SODAS2023\EXAM\data
2023-08-17 18:57:07;200;283959;c:\Users\Archie\Desktop\social data\SODAS2023\EXAM\data
2023-08-17 18:57:08;200;331628;c:\Users\Archie\Desktop\social data\SODAS2023\EXAM\data
2023-08-17 18:57:10;200;329550;c:\Users\Archie\Desktop\social data\SODAS2023\EXAM\data
2023-08-17 18:57:11;200;325627;c:\Users\Archie\Desktop\social data\SODAS2023\EXAM\data
2023-08-17 18:57:12;200;318147;c:\Users\Archie\Desktop\social data\SODAS2023\EXAM\data
2023-08-17 18:57:13;200;327636;c:\Users\Archie\Desktop\social data\SODAS2023\EXAM\data
2023-08-17 18:57:13;200;292304;c:\Users\Archie\Desktop\social data\SODAS2023\EXAM\data
2023-08-17 18:57:14;200;308531;c:\Users\Archie\Desktop\social data\SODAS2023\EXAM\data
2023-08-17 18:57:16;200;366490;c:\Users\Archie\Desktop\social data\SODAS2023\EXAM\data
2023-08-17 18:57:17;200;274586;c:\Users\Archie\Desktop\social data\SODAS2023\EXAM\data
2023-08-17 18:57:17;200;308992;c:\Users\Archie\Desktop\social data\SODAS2023\EXAM\data
2023-08-17 18:57:18;200;276422;c:\Users\Archie\Desktop\social data\SODAS2023\EXAM\data
2023-08-17 18:57:26;200;293179;c:\Users\Archie\Desktop\social data\SODAS2023\EXAM\data
2023-08-17 18:57:27;200;334937;c:\Users\Archie\Desktop\social data\SODAS2023\EXAM\data
2023-08-17 18:57:33;200;1502395;c:\Users\Archie\Desktop\social data\SODAS2023\EXAM\data
2023-08-17 18:57:34;200;2091663;c:\Users\Archie\Desktop\social data\SODAS2023\EXAM\data
2023-08-17 18:57:38;200;301813;c:\Users\Archie\Desktop\social data\SODAS2023\EXAM\data
2023-08-17 18:57:49;200;297494;c:\Users\Archie\Desktop\social data\SODAS2023\EXAM\data
2023-08-17 18:57:51;200;285680;c:\Users\Archie\Desktop\social data\SODAS2023\EXAM\data
2023-08-17 18:57:55;200;348714;c:\Users\Archie\Desktop\social data\SODAS2023\EXAM\data
2023-08-17 18:57:56;200;300700;c:\Users\Archie\Desktop\social data\SODAS2023\EXAM\data
2023-08-17 18:58:02;200;334422;c:\Users\Archie\Desktop\social data\SODAS2023\EXAM\data
2023-08-17 18:58:03;200;343856;c:\Users\Archie\Desktop\social data\SODAS2023\EXAM\data
2023-08-17 18:58:04;200;307616;c:\Users\Archie\Desktop\social data\SODAS2023\EXAM\data
2023-08-17 18:58:04;200;300707;c:\Users\Archie\Desktop\social data\SODAS2023\EXAM\data
2023-08-17 18:58:05;200;297176;c:\Users\Archie\Desktop\social data\SODAS2023\EXAM\data
2023-08-17 18:58:06;200;289666;c:\Users\Archie\Desktop\social data\SODAS2023\EXAM\data
2023-08-17 18:58:06;200;303315;c:\Users\Archie\Desktop\social data\SODAS2023\EXAM\data
2023-08-17 18:58:07;200;303025;c:\Users\Archie\Desktop\social data\SODAS2023\EXAM\data
2023-08-17 18:58:14;200;291577;c:\Users\Archie\Desktop\social data\SODAS2023\EXAM\data
2023-08-17 18:58:22;200;290213;c:\Users\Archie\Desktop\social data\SODAS2023\EXAM\data
2023-08-17 18:58:23;200;289904;c:\Users\Archie\Desktop\social data\SODAS2023\EXAM\data
2023-08-17 18:58:24;200;292044;c:\Users\Archie\Desktop\social data\SODAS2023\EXAM\data
2023-08-17 18:58:25;200;281210;c:\Users\Archie\Desktop\social data\SODAS2023\EXAM\data
2023-08-17 18:58:26;200;297933;c:\Users\Archie\Desktop\social data\SODAS2023\EXAM\data
2023-08-17 18:58:27;200;323124;c:\Users\Archie\Desktop\social data\SODAS2023\EXAM\data
2023-08-17 18:58:28;200;315693;c:\Users\Archie\Desktop\social data\SODAS2023\EXAM\data
2023-08-17 18:58:30;200;289449;c:\Users\Archie\Desktop\social data\SODAS2023\EXAM\data
2023-08-17 18:58:30;200;371675;c:\Users\Archie\Desktop\social data\SODAS2023\EXAM\data
2023-08-17 18:58:31;200;339912;c:\Users\Archie\Desktop\social data\SODAS2023\EXAM\data
2023-08-17 18:58:32;200;298843;c:\Users\Archie\Desktop\social data\SODAS2023\EXAM\data
2023-08-17 18:58:34;200;264642;c:\Users\Archie\Desktop\social data\SODAS2023\EXAM\data
2023-08-17 18:58:35;200;302510;c:\Users\Archie\Desktop\social data\SODAS2023\EXAM\data
2023-08-17 18:58:36;200;284862;c:\Users\Archie\Desktop\social data\SODAS2023\EXAM\data
2023-08-17 18:58:37;200;313247;c:\Users\Archie\Desktop\social data\SODAS2023\EXAM\data
2023-08-17 18:58:39;200;287036;c:\Users\Archie\Desktop\social data\SODAS2023\EXAM\data
2023-08-17 18:58:40;200;285969;c:\Users\Archie\Desktop\social data\SODAS2023\EXAM\data
2023-08-17 18:58:40;200;349729;c:\Users\Archie\Desktop\social data\SODAS2023\EXAM\data
2023-08-17 18:58:49;200;274736;c:\Users\Archie\Desktop\social data\SODAS2023\EXAM\data
2023-08-17 18:58:50;200;338004;c:\Users\Archie\Desktop\social data\SODAS2023\EXAM\data
2023-08-17 18:58:51;200;322484;c:\Users\Archie\Desktop\social data\SODAS2023\EXAM\data
2023-08-17 18:58:52;200;276406;c:\Users\Archie\Desktop\social data\SODAS2023\EXAM\data
2023-08-17 18:58:52;200;317118;c:\Users\Archie\Desktop\social data\SODAS2023\EXAM\data
2023-08-17 18:58:53;200;270638;c:\Users\Archie\Desktop\social data\SODAS2023\EXAM\data
2023-08-17 18:58:54;200;342308;c:\Users\Archie\Desktop\social data\SODAS2023\EXAM\data
2023-08-17 18:59:00;200;1498014;c:\Users\Archie\Desktop\social data\SODAS2023\EXAM\data
2023-08-17 18:59:01;200;272577;c:\Users\Archie\Desktop\social data\SODAS2023\EXAM\data
2023-08-17 18:59:02;200;292557;c:\Users\Archie\Desktop\social data\SODAS2023\EXAM\data
2023-08-17 18:59:03;200;2088884;c:\Users\Archie\Desktop\social data\SODAS2023\EXAM\data
2023-08-17 18:59:04;200;297599;c:\Users\Archie\Desktop\social data\SODAS2023\EXAM\data
2023-08-17 18:59:05;200;315456;c:\Users\Archie\Desktop\social data\SODAS2023\EXAM\data
2023-08-17 18:59:06;200;277508;c:\Users\Archie\Desktop\social data\SODAS2023\EXAM\data
2023-08-17 18:59:06;200;313293;c:\Users\Archie\Desktop\social data\SODAS2023\EXAM\data
2023-08-17 18:59:08;200;351157;c:\Users\Archie\Desktop\social data\SODAS2023\EXAM\data
2023-08-17 18:59:13;200;365857;c:\Users\Archie\Desktop\social data\SODAS2023\EXAM\data
2023-08-17 18:59:14;200;350953;c:\Users\Archie\Desktop\social data\SODAS2023\EXAM\data
2023-08-17 18:59:18;200;292261;c:\Users\Archie\Desktop\social data\SODAS2023\EXAM\data
2023-08-17 18:59:19;200;265302;c:\Users\Archie\Desktop\social data\SODAS2023\EXAM\data
2023-08-17 18:59:26;200;335342;c:\Users\Archie\Desktop\social data\SODAS2023\EXAM\data
2023-08-17 18:59:27;200;317782;c:\Users\Archie\Desktop\social data\SODAS2023\EXAM\data
2023-08-17 18:59:28;200;278774;c:\Users\Archie\Desktop\social data\SODAS2023\EXAM\data
2023-08-17 18:59:29;200;266934;c:\Users\Archie\Desktop\social data\SODAS2023\EXAM\data
2023-08-17 18:59:30;200;348556;c:\Users\Archie\Desktop\social data\SODAS2023\EXAM\data
2023-08-17 18:59:42;200;370636;c:\Users\Archie\Desktop\social data\SODAS2023\EXAM\data
2023-08-17 18:59:44;200;299917;c:\Users\Archie\Desktop\social data\SODAS2023\EXAM\data
2023-08-17 18:59:46;200;275063;c:\Users\Archie\Desktop\social data\SODAS2023\EXAM\data
2023-08-17 18:59:59;200;300139;c:\Users\Archie\Desktop\social data\SODAS2023\EXAM\data
2023-08-17 19:00:07;200;355872;c:\Users\Archie\Desktop\social data\SODAS2023\EXAM\data
2023-08-17 19:00:18;200;336114;c:\Users\Archie\Desktop\social data\SODAS2023\EXAM\data
2023-08-17 19:00:19;200;336798;c:\Users\Archie\Desktop\social data\SODAS2023\EXAM\data
2023-08-17 19:00:20;200;273677;c:\Users\Archie\Desktop\social data\SODAS2023\EXAM\data
2023-08-17 19:00:21;200;310751;c:\Users\Archie\Desktop\social data\SODAS2023\EXAM\data
2023-08-17 19:00:24;200;351034;c:\Users\Archie\Desktop\social data\SODAS2023\EXAM\data
2023-08-17 19:00:25;200;321345;c:\Users\Archie\Desktop\social data\SODAS2023\EXAM\data
2023-08-17 19:00:26;200;288932;c:\Users\Archie\Desktop\social data\SODAS2023\EXAM\data
2023-08-17 19:00:27;200;315005;c:\Users\Archie\Desktop\social data\SODAS2023\EXAM\data
2023-08-17 19:00:30;200;292898;c:\Users\Archie\Desktop\social data\SODAS2023\EXAM\data
2023-08-17 19:00:32;200;301731;c:\Users\Archie\Desktop\social data\SODAS2023\EXAM\data
2023-08-17 19:00:33;200;325333;c:\Users\Archie\Desktop\social data\SODAS2023\EXAM\data
2023-08-17 19:00:33;200;358593;c:\Users\Archie\Desktop\social data\SODAS2023\EXAM\data
2023-08-17 19:00:44;200;325124;c:\Users\Archie\Desktop\social data\SODAS2023\EXAM\data
2023-08-17 19:00:45;200;294275;c:\Users\Archie\Desktop\social data\SODAS2023\EXAM\data
2023-08-17 19:00:45;200;313997;c:\Users\Archie\Desktop\social data\SODAS2023\EXAM\data
2023-08-17 19:00:46;200;280276;c:\Users\Archie\Desktop\social data\SODAS2023\EXAM\data
2023-08-17 19:00:47;200;255135;c:\Users\Archie\Desktop\social data\SODAS2023\EXAM\data
2023-08-17 19:00:48;200;307564;c:\Users\Archie\Desktop\social data\SODAS2023\EXAM\data
2023-08-17 19:00:49;200;304353;c:\Users\Archie\Desktop\social data\SODAS2023\EXAM\data
2023-08-17 19:00:50;200;249175;c:\Users\Archie\Desktop\social data\SODAS2023\EXAM\data
2023-08-17 19:00:51;200;301023;c:\Users\Archie\Desktop\social data\SODAS2023\EXAM\data
2023-08-17 19:00:51;200;255621;c:\Users\Archie\Desktop\social data\SODAS2023\EXAM\data
2023-08-17 19:00:54;200;303270;c:\Users\Archie\Desktop\social data\SODAS2023\EXAM\data
2023-08-17 19:01:00;200;303731;c:\Users\Archie\Desktop\social data\SODAS2023\EXAM\data
2023-08-17 19:01:01;200;293303;c:\Users\Archie\Desktop\social data\SODAS2023\EXAM\data
2023-08-17 19:01:01;200;383350;c:\Users\Archie\Desktop\social data\SODAS2023\EXAM\data
2023-08-17 19:01:02;200;292063;c:\Users\Archie\Desktop\social data\SODAS2023\EXAM\data
2023-08-17 19:01:03;200;270322;c:\Users\Archie\Desktop\social data\SODAS2023\EXAM\data
2023-08-17 19:01:03;200;297427;c:\Users\Archie\Desktop\social data\SODAS2023\EXAM\data
2023-08-17 19:01:04;200;306766;c:\Users\Archie\Desktop\social data\SODAS2023\EXAM\data
2023-08-17 19:01:06;200;294562;c:\Users\Archie\Desktop\social data\SODAS2023\EXAM\data
2023-08-17 19:01:07;200;316704;c:\Users\Archie\Desktop\social data\SODAS2023\EXAM\data
2023-08-17 19:01:07;200;287257;c:\Users\Archie\Desktop\social data\SODAS2023\EXAM\data
2023-08-17 19:01:08;200;346410;c:\Users\Archie\Desktop\social data\SODAS2023\EXAM\data
2023-08-17 19:01:09;200;336975;c:\Users\Archie\Desktop\social data\SODAS2023\EXAM\data
2023-08-17 19:01:10;200;320986;c:\Users\Archie\Desktop\social data\SODAS2023\EXAM\data
2023-08-17 19:01:22;200;315274;c:\Users\Archie\Desktop\social data\SODAS2023\EXAM\data
2023-08-17 19:01:23;200;288515;c:\Users\Archie\Desktop\social data\SODAS2023\EXAM\data
2023-08-17 19:01:23;200;271801;c:\Users\Archie\Desktop\social data\SODAS2023\EXAM\data
2023-08-17 19:01:24;200;316887;c:\Users\Archie\Desktop\social data\SODAS2023\EXAM\data
2023-08-17 19:01:25;200;315853;c:\Users\Archie\Desktop\social data\SODAS2023\EXAM\data
2023-08-17 19:01:26;200;289460;c:\Users\Archie\Desktop\social data\SODAS2023\EXAM\data
2023-08-17 19:01:27;200;320590;c:\Users\Archie\Desktop\social data\SODAS2023\EXAM\data
2023-08-17 19:01:28;200;310482;c:\Users\Archie\Desktop\social data\SODAS2023\EXAM\data
2023-08-17 19:01:29;200;288560;c:\Users\Archie\Desktop\social data\SODAS2023\EXAM\data
2023-08-17 19:01:30;200;287220;c:\Users\Archie\Desktop\social data\SODAS2023\EXAM\data
2023-08-17 19:01:30;200;325620;c:\Users\Archie\Desktop\social data\SODAS2023\EXAM\data
2023-08-17 19:01:31;200;289608;c:\Users\Archie\Desktop\social data\SODAS2023\EXAM\data
2023-08-17 19:01:32;200;325919;c:\Users\Archie\Desktop\social data\SODAS2023\EXAM\data
2023-08-17 19:01:33;200;265592;c:\Users\Archie\Desktop\social data\SODAS2023\EXAM\data
2023-08-17 19:01:39;200;300230;c:\Users\Archie\Desktop\social data\SODAS2023\EXAM\data
2023-08-17 19:01:40;200;295547;c:\Users\Archie\Desktop\social data\SODAS2023\EXAM\data
2023-08-17 19:01:41;200;287277;c:\Users\Archie\Desktop\social data\SODAS2023\EXAM\data
2023-08-17 19:01:48;200;339663;c:\Users\Archie\Desktop\social data\SODAS2023\EXAM\data
2023-08-17 19:01:50;200;2086079;c:\Users\Archie\Desktop\social data\SODAS2023\EXAM\data
2023-08-17 19:01:50;200;305483;c:\Users\Archie\Desktop\social data\SODAS2023\EXAM\data
2023-08-17 19:01:51;200;304455;c:\Users\Archie\Desktop\social data\SODAS2023\EXAM\data
2023-08-17 19:01:52;200;295284;c:\Users\Archie\Desktop\social data\SODAS2023\EXAM\data
2023-08-17 19:01:53;200;330815;c:\Users\Archie\Desktop\social data\SODAS2023\EXAM\data
2023-08-17 19:01:54;200;315864;c:\Users\Archie\Desktop\social data\SODAS2023\EXAM\data
2023-08-17 19:01:54;200;299796;c:\Users\Archie\Desktop\social data\SODAS2023\EXAM\data
2023-08-17 19:01:55;200;303928;c:\Users\Archie\Desktop\social data\SODAS2023\EXAM\data
2023-08-17 19:01:56;200;315793;c:\Users\Archie\Desktop\social data\SODAS2023\EXAM\data
2023-08-17 19:01:56;200;298057;c:\Users\Archie\Desktop\social data\SODAS2023\EXAM\data
2023-08-17 19:02:02;200;347721;c:\Users\Archie\Desktop\social data\SODAS2023\EXAM\data
2023-08-17 19:02:03;200;271699;c:\Users\Archie\Desktop\social data\SODAS2023\EXAM\data
2023-08-17 19:02:04;200;301903;c:\Users\Archie\Desktop\social data\SODAS2023\EXAM\data
2023-08-17 19:02:05;200;295589;c:\Users\Archie\Desktop\social data\SODAS2023\EXAM\data
2023-08-17 19:02:05;200;306419;c:\Users\Archie\Desktop\social data\SODAS2023\EXAM\data
2023-08-17 19:02:06;200;282360;c:\Users\Archie\Desktop\social data\SODAS2023\EXAM\data
2023-08-17 19:02:07;200;302409;c:\Users\Archie\Desktop\social data\SODAS2023\EXAM\data
2023-08-17 19:02:09;200;335903;c:\Users\Archie\Desktop\social data\SODAS2023\EXAM\data
2023-08-17 19:02:10;200;298115;c:\Users\Archie\Desktop\social data\SODAS2023\EXAM\data
2023-08-17 19:02:11;200;301232;c:\Users\Archie\Desktop\social data\SODAS2023\EXAM\data
2023-08-17 19:02:12;200;323126;c:\Users\Archie\Desktop\social data\SODAS2023\EXAM\data
2023-08-17 19:02:12;200;298391;c:\Users\Archie\Desktop\social data\SODAS2023\EXAM\data
2023-08-17 19:02:13;200;291065;c:\Users\Archie\Desktop\social data\SODAS2023\EXAM\data
2023-08-17 19:02:24;200;305201;c:\Users\Archie\Desktop\social data\SODAS2023\EXAM\data
2023-08-17 19:02:25;200;304469;c:\Users\Archie\Desktop\social data\SODAS2023\EXAM\data
2023-08-17 19:02:26;200;307480;c:\Users\Archie\Desktop\social data\SODAS2023\EXAM\data
2023-08-17 19:02:26;200;292711;c:\Users\Archie\Desktop\social data\SODAS2023\EXAM\data
2023-08-17 19:02:27;200;325903;c:\Users\Archie\Desktop\social data\SODAS2023\EXAM\data
2023-08-17 19:02:28;200;1508545;c:\Users\Archie\Desktop\social data\SODAS2023\EXAM\data
2023-08-17 19:02:29;200;1504370;c:\Users\Archie\Desktop\social data\SODAS2023\EXAM\data
2023-08-17 19:02:30;200;322495;c:\Users\Archie\Desktop\social data\SODAS2023\EXAM\data
2023-08-17 19:02:32;200;290164;c:\Users\Archie\Desktop\social data\SODAS2023\EXAM\data
2023-08-17 19:02:33;200;2089260;c:\Users\Archie\Desktop\social data\SODAS2023\EXAM\data
2023-08-17 19:02:34;200;312984;c:\Users\Archie\Desktop\social data\SODAS2023\EXAM\data
2023-08-17 19:02:34;200;391271;c:\Users\Archie\Desktop\social data\SODAS2023\EXAM\data
2023-08-17 19:02:35;200;341631;c:\Users\Archie\Desktop\social data\SODAS2023\EXAM\data
2023-08-17 19:02:36;200;2439332;c:\Users\Archie\Desktop\social data\SODAS2023\EXAM\data
2023-08-17 19:02:37;200;2088250;c:\Users\Archie\Desktop\social data\SODAS2023\EXAM\data
2023-08-17 19:02:38;200;2089209;c:\Users\Archie\Desktop\social data\SODAS2023\EXAM\data
2023-08-17 19:02:44;200;271988;c:\Users\Archie\Desktop\social data\SODAS2023\EXAM\data
2023-08-17 19:02:45;200;320927;c:\Users\Archie\Desktop\social data\SODAS2023\EXAM\data
2023-08-17 19:02:46;200;270974;c:\Users\Archie\Desktop\social data\SODAS2023\EXAM\data
2023-08-17 19:02:47;200;292414;c:\Users\Archie\Desktop\social data\SODAS2023\EXAM\data
2023-08-17 19:02:48;200;284984;c:\Users\Archie\Desktop\social data\SODAS2023\EXAM\data
2023-08-17 19:02:48;200;304579;c:\Users\Archie\Desktop\social data\SODAS2023\EXAM\data
2023-08-17 19:02:49;200;325257;c:\Users\Archie\Desktop\social data\SODAS2023\EXAM\data
2023-08-17 19:02:50;200;285453;c:\Users\Archie\Desktop\social data\SODAS2023\EXAM\data
2023-08-17 19:02:51;200;344716;c:\Users\Archie\Desktop\social data\SODAS2023\EXAM\data
2023-08-17 19:02:51;200;287623;c:\Users\Archie\Desktop\social data\SODAS2023\EXAM\data
2023-08-17 19:02:52;200;246674;c:\Users\Archie\Desktop\social data\SODAS2023\EXAM\data
2023-08-17 19:02:56;200;281419;c:\Users\Archie\Desktop\social data\SODAS2023\EXAM\data
2023-08-17 19:02:57;200;284369;c:\Users\Archie\Desktop\social data\SODAS2023\EXAM\data
2023-08-17 19:03:04;200;361221;c:\Users\Archie\Desktop\social data\SODAS2023\EXAM\data
2023-08-17 19:03:04;200;324280;c:\Users\Archie\Desktop\social data\SODAS2023\EXAM\data
2023-08-17 19:03:06;200;347734;c:\Users\Archie\Desktop\social data\SODAS2023\EXAM\data
2023-08-17 19:03:07;200;328255;c:\Users\Archie\Desktop\social data\SODAS2023\EXAM\data
2023-08-17 19:03:15;200;316363;c:\Users\Archie\Desktop\social data\SODAS2023\EXAM\data
2023-08-17 19:03:16;200;315177;c:\Users\Archie\Desktop\social data\SODAS2023\EXAM\data
2023-08-17 19:03:17;200;340048;c:\Users\Archie\Desktop\social data\SODAS2023\EXAM\data
2023-08-17 19:03:25;200;300616;c:\Users\Archie\Desktop\social data\SODAS2023\EXAM\data
2023-08-17 19:03:26;200;280755;c:\Users\Archie\Desktop\social data\SODAS2023\EXAM\data
2023-08-17 19:03:26;200;324308;c:\Users\Archie\Desktop\social data\SODAS2023\EXAM\data
2023-08-17 19:03:27;200;303779;c:\Users\Archie\Desktop\social data\SODAS2023\EXAM\data
2023-08-17 19:03:28;200;271874;c:\Users\Archie\Desktop\social data\SODAS2023\EXAM\data
2023-08-17 19:03:29;200;300344;c:\Users\Archie\Desktop\social data\SODAS2023\EXAM\data
2023-08-17 19:03:29;200;303841;c:\Users\Archie\Desktop\social data\SODAS2023\EXAM\data
2023-08-17 19:03:30;200;303214;c:\Users\Archie\Desktop\social data\SODAS2023\EXAM\data
2023-08-17 19:03:31;200;282870;c:\Users\Archie\Desktop\social data\SODAS2023\EXAM\data
2023-08-17 19:03:38;200;311625;c:\Users\Archie\Desktop\social data\SODAS2023\EXAM\data
2023-08-17 19:03:39;200;298109;c:\Users\Archie\Desktop\social data\SODAS2023\EXAM\data
2023-08-17 19:03:48;200;311576;c:\Users\Archie\Desktop\social data\SODAS2023\EXAM\data
2023-08-17 19:03:48;200;325841;c:\Users\Archie\Desktop\social data\SODAS2023\EXAM\data
2023-08-17 19:03:49;200;292472;c:\Users\Archie\Desktop\social data\SODAS2023\EXAM\data
2023-08-17 19:03:50;200;353458;c:\Users\Archie\Desktop\social data\SODAS2023\EXAM\data
2023-08-17 19:03:56;200;274629;c:\Users\Archie\Desktop\social data\SODAS2023\EXAM\data
2023-08-17 19:03:57;200;326988;c:\Users\Archie\Desktop\social data\SODAS2023\EXAM\data
2023-08-17 19:03:58;200;315928;c:\Users\Archie\Desktop\social data\SODAS2023\EXAM\data
2023-08-17 19:03:59;200;411278;c:\Users\Archie\Desktop\social data\SODAS2023\EXAM\data
2023-08-17 19:04:00;200;314667;c:\Users\Archie\Desktop\social data\SODAS2023\EXAM\data
2023-08-17 19:04:00;200;292369;c:\Users\Archie\Desktop\social data\SODAS2023\EXAM\data
2023-08-17 19:04:01;200;284223;c:\Users\Archie\Desktop\social data\SODAS2023\EXAM\data
2023-08-17 19:04:02;200;315770;c:\Users\Archie\Desktop\social data\SODAS2023\EXAM\data
2023-08-17 19:04:03;200;289955;c:\Users\Archie\Desktop\social data\SODAS2023\EXAM\data
2023-08-17 19:04:06;200;308078;c:\Users\Archie\Desktop\social data\SODAS2023\EXAM\data
2023-08-17 19:04:07;200;286982;c:\Users\Archie\Desktop\social data\SODAS2023\EXAM\data
2023-08-17 19:04:08;200;290861;c:\Users\Archie\Desktop\social data\SODAS2023\EXAM\data
2023-08-17 19:04:10;200;337355;c:\Users\Archie\Desktop\social data\SODAS2023\EXAM\data
2023-08-17 19:04:15;200;342017;c:\Users\Archie\Desktop\social data\SODAS2023\EXAM\data
2023-08-17 19:04:16;200;304771;c:\Users\Archie\Desktop\social data\SODAS2023\EXAM\data
2023-08-17 19:04:17;200;272888;c:\Users\Archie\Desktop\social data\SODAS2023\EXAM\data
2023-08-17 19:04:18;200;332087;c:\Users\Archie\Desktop\social data\SODAS2023\EXAM\data
2023-08-17 19:04:28;200;288855;c:\Users\Archie\Desktop\social data\SODAS2023\EXAM\data
2023-08-17 19:04:29;200;310532;c:\Users\Archie\Desktop\social data\SODAS2023\EXAM\data
2023-08-17 19:04:30;200;290239;c:\Users\Archie\Desktop\social data\SODAS2023\EXAM\data
2023-08-17 19:04:30;200;277272;c:\Users\Archie\Desktop\social data\SODAS2023\EXAM\data
2023-08-17 19:04:40;200;277438;c:\Users\Archie\Desktop\social data\SODAS2023\EXAM\data
2023-08-17 19:04:41;200;322344;c:\Users\Archie\Desktop\social data\SODAS2023\EXAM\data
2023-08-17 19:04:42;200;315773;c:\Users\Archie\Desktop\social data\SODAS2023\EXAM\data
2023-08-17 19:04:43;200;278718;c:\Users\Archie\Desktop\social data\SODAS2023\EXAM\data
2023-08-17 19:04:44;200;286362;c:\Users\Archie\Desktop\social data\SODAS2023\EXAM\data
2023-08-17 19:04:45;200;326880;c:\Users\Archie\Desktop\social data\SODAS2023\EXAM\data
2023-08-17 19:04:46;200;287621;c:\Users\Archie\Desktop\social data\SODAS2023\EXAM\data
2023-08-17 19:04:46;200;334971;c:\Users\Archie\Desktop\social data\SODAS2023\EXAM\data
2023-08-17 19:04:47;200;297692;c:\Users\Archie\Desktop\social data\SODAS2023\EXAM\data
2023-08-17 19:04:48;200;312449;c:\Users\Archie\Desktop\social data\SODAS2023\EXAM\data
2023-08-17 19:04:49;200;341093;c:\Users\Archie\Desktop\social data\SODAS2023\EXAM\data
2023-08-17 19:05:03;200;291811;c:\Users\Archie\Desktop\social data\SODAS2023\EXAM\data
2023-08-17 19:05:04;200;289411;c:\Users\Archie\Desktop\social data\SODAS2023\EXAM\data
2023-08-17 19:05:05;200;315939;c:\Users\Archie\Desktop\social data\SODAS2023\EXAM\data
2023-08-17 19:05:05;200;336270;c:\Users\Archie\Desktop\social data\SODAS2023\EXAM\data
2023-08-17 19:05:06;200;293840;c:\Users\Archie\Desktop\social data\SODAS2023\EXAM\data
2023-08-17 19:05:07;200;309608;c:\Users\Archie\Desktop\social data\SODAS2023\EXAM\data
2023-08-17 19:05:08;200;293199;c:\Users\Archie\Desktop\social data\SODAS2023\EXAM\data
2023-08-17 19:05:09;200;349213;c:\Users\Archie\Desktop\social data\SODAS2023\EXAM\data
2023-08-17 19:05:10;200;298411;c:\Users\Archie\Desktop\social data\SODAS2023\EXAM\data
2023-08-17 19:05:12;200;456991;c:\Users\Archie\Desktop\social data\SODAS2023\EXAM\data
2023-08-17 19:05:13;200;325293;c:\Users\Archie\Desktop\social data\SODAS2023\EXAM\data
2023-08-17 19:05:19;200;300407;c:\Users\Archie\Desktop\social data\SODAS2023\EXAM\data
2023-08-17 19:05:21;200;316358;c:\Users\Archie\Desktop\social data\SODAS2023\EXAM\data
2023-08-17 19:05:23;200;314010;c:\Users\Archie\Desktop\social data\SODAS2023\EXAM\data
2023-08-17 19:05:24;200;304627;c:\Users\Archie\Desktop\social data\SODAS2023\EXAM\data
2023-08-17 19:05:25;200;287463;c:\Users\Archie\Desktop\social data\SODAS2023\EXAM\data
2023-08-17 19:05:36;200;326737;c:\Users\Archie\Desktop\social data\SODAS2023\EXAM\data
2023-08-17 19:05:37;200;379805;c:\Users\Archie\Desktop\social data\SODAS2023\EXAM\data
2023-08-17 19:05:38;200;309165;c:\Users\Archie\Desktop\social data\SODAS2023\EXAM\data
2023-08-17 19:05:40;200;313330;c:\Users\Archie\Desktop\social data\SODAS2023\EXAM\data
2023-08-17 19:05:41;200;2090748;c:\Users\Archie\Desktop\social data\SODAS2023\EXAM\data
2023-08-17 19:05:41;200;279481;c:\Users\Archie\Desktop\social data\SODAS2023\EXAM\data
2023-08-17 19:05:42;200;293170;c:\Users\Archie\Desktop\social data\SODAS2023\EXAM\data
2023-08-17 19:05:43;200;474849;c:\Users\Archie\Desktop\social data\SODAS2023\EXAM\data
2023-08-17 19:05:45;200;305963;c:\Users\Archie\Desktop\social data\SODAS2023\EXAM\data
2023-08-17 19:05:46;200;325531;c:\Users\Archie\Desktop\social data\SODAS2023\EXAM\data
2023-08-17 19:05:50;200;283639;c:\Users\Archie\Desktop\social data\SODAS2023\EXAM\data
2023-08-17 19:05:51;200;288468;c:\Users\Archie\Desktop\social data\SODAS2023\EXAM\data
2023-08-17 19:05:58;200;359651;c:\Users\Archie\Desktop\social data\SODAS2023\EXAM\data
2023-08-17 19:06:00;200;279911;c:\Users\Archie\Desktop\social data\SODAS2023\EXAM\data
2023-08-17 19:06:00;200;336279;c:\Users\Archie\Desktop\social data\SODAS2023\EXAM\data
2023-08-17 19:06:01;200;284783;c:\Users\Archie\Desktop\social data\SODAS2023\EXAM\data
2023-08-17 19:06:02;200;296985;c:\Users\Archie\Desktop\social data\SODAS2023\EXAM\data
2023-08-17 19:06:03;200;342538;c:\Users\Archie\Desktop\social data\SODAS2023\EXAM\data
2023-08-17 19:06:04;200;292524;c:\Users\Archie\Desktop\social data\SODAS2023\EXAM\data
2023-08-17 19:06:05;200;295162;c:\Users\Archie\Desktop\social data\SODAS2023\EXAM\data
2023-08-17 19:06:06;200;303961;c:\Users\Archie\Desktop\social data\SODAS2023\EXAM\data
2023-08-17 19:06:06;200;305978;c:\Users\Archie\Desktop\social data\SODAS2023\EXAM\data
2023-08-17 19:06:07;200;308198;c:\Users\Archie\Desktop\social data\SODAS2023\EXAM\data
2023-08-17 19:06:08;200;278787;c:\Users\Archie\Desktop\social data\SODAS2023\EXAM\data
2023-08-17 19:06:09;200;275280;c:\Users\Archie\Desktop\social data\SODAS2023\EXAM\data
2023-08-17 19:06:18;200;731008;c:\Users\Archie\Desktop\social data\SODAS2023\EXAM\data
2023-08-17 19:06:19;200;306047;c:\Users\Archie\Desktop\social data\SODAS2023\EXAM\data
2023-08-17 19:06:20;200;295612;c:\Users\Archie\Desktop\social data\SODAS2023\EXAM\data
2023-08-17 19:06:21;200;293274;c:\Users\Archie\Desktop\social data\SODAS2023\EXAM\data
2023-08-17 19:06:22;200;2089309;c:\Users\Archie\Desktop\social data\SODAS2023\EXAM\data
2023-08-17 19:06:25;200;342267;c:\Users\Archie\Desktop\social data\SODAS2023\EXAM\data
2023-08-17 19:06:26;200;347394;c:\Users\Archie\Desktop\social data\SODAS2023\EXAM\data
2023-08-17 19:06:27;200;308451;c:\Users\Archie\Desktop\social data\SODAS2023\EXAM\data
2023-08-17 19:06:27;200;310520;c:\Users\Archie\Desktop\social data\SODAS2023\EXAM\data
2023-08-17 19:06:28;200;303040;c:\Users\Archie\Desktop\social data\SODAS2023\EXAM\data
2023-08-17 19:06:29;200;2087754;c:\Users\Archie\Desktop\social data\SODAS2023\EXAM\data
2023-08-17 19:06:30;200;331856;c:\Users\Archie\Desktop\social data\SODAS2023\EXAM\data
2023-08-17 19:06:31;200;309000;c:\Users\Archie\Desktop\social data\SODAS2023\EXAM\data
2023-08-17 19:06:32;200;303158;c:\Users\Archie\Desktop\social data\SODAS2023\EXAM\data
2023-08-17 19:06:32;200;278549;c:\Users\Archie\Desktop\social data\SODAS2023\EXAM\data
2023-08-17 19:06:33;200;312022;c:\Users\Archie\Desktop\social data\SODAS2023\EXAM\data
2023-08-17 19:06:36;200;368210;c:\Users\Archie\Desktop\social data\SODAS2023\EXAM\data
2023-08-17 19:06:37;200;343996;c:\Users\Archie\Desktop\social data\SODAS2023\EXAM\data
2023-08-17 19:06:38;200;339139;c:\Users\Archie\Desktop\social data\SODAS2023\EXAM\data
2023-08-17 19:06:39;200;315957;c:\Users\Archie\Desktop\social data\SODAS2023\EXAM\data
2023-08-17 19:06:40;200;288851;c:\Users\Archie\Desktop\social data\SODAS2023\EXAM\data
2023-08-17 19:06:41;200;276426;c:\Users\Archie\Desktop\social data\SODAS2023\EXAM\data
2023-08-17 19:06:42;200;304081;c:\Users\Archie\Desktop\social data\SODAS2023\EXAM\data
2023-08-17 19:06:42;200;301004;c:\Users\Archie\Desktop\social data\SODAS2023\EXAM\data
2023-08-17 19:06:43;200;272488;c:\Users\Archie\Desktop\social data\SODAS2023\EXAM\data
2023-08-17 19:06:45;200;273297;c:\Users\Archie\Desktop\social data\SODAS2023\EXAM\data
2023-08-17 19:06:51;200;290688;c:\Users\Archie\Desktop\social data\SODAS2023\EXAM\data
2023-08-17 19:06:52;200;291198;c:\Users\Archie\Desktop\social data\SODAS2023\EXAM\data
2023-08-17 19:06:53;200;304946;c:\Users\Archie\Desktop\social data\SODAS2023\EXAM\data
2023-08-17 19:06:56;200;331687;c:\Users\Archie\Desktop\social data\SODAS2023\EXAM\data
2023-08-17 19:06:57;200;349845;c:\Users\Archie\Desktop\social data\SODAS2023\EXAM\data
2023-08-17 19:06:58;200;282825;c:\Users\Archie\Desktop\social data\SODAS2023\EXAM\data
2023-08-17 19:07:00;200;305822;c:\Users\Archie\Desktop\social data\SODAS2023\EXAM\data
2023-08-17 19:07:01;200;261517;c:\Users\Archie\Desktop\social data\SODAS2023\EXAM\data
2023-08-17 19:07:06;200;314424;c:\Users\Archie\Desktop\social data\SODAS2023\EXAM\data
2023-08-17 19:07:06;200;470322;c:\Users\Archie\Desktop\social data\SODAS2023\EXAM\data
2023-08-17 19:07:07;200;275396;c:\Users\Archie\Desktop\social data\SODAS2023\EXAM\data
2023-08-17 19:07:09;200;321429;c:\Users\Archie\Desktop\social data\SODAS2023\EXAM\data
2023-08-17 19:07:09;200;302486;c:\Users\Archie\Desktop\social data\SODAS2023\EXAM\data
2023-08-17 19:07:11;200;294308;c:\Users\Archie\Desktop\social data\SODAS2023\EXAM\data
2023-08-17 19:07:21;200;323737;c:\Users\Archie\Desktop\social data\SODAS2023\EXAM\data
2023-08-17 19:07:23;200;290591;c:\Users\Archie\Desktop\social data\SODAS2023\EXAM\data
2023-08-17 19:07:24;200;335586;c:\Users\Archie\Desktop\social data\SODAS2023\EXAM\data
2023-08-17 19:07:24;200;340549;c:\Users\Archie\Desktop\social data\SODAS2023\EXAM\data
2023-08-17 19:07:26;200;280482;c:\Users\Archie\Desktop\social data\SODAS2023\EXAM\data
2023-08-17 19:07:28;200;306609;c:\Users\Archie\Desktop\social data\SODAS2023\EXAM\data
2023-08-17 19:07:29;200;276092;c:\Users\Archie\Desktop\social data\SODAS2023\EXAM\data
2023-08-17 19:07:30;200;326745;c:\Users\Archie\Desktop\social data\SODAS2023\EXAM\data
2023-08-17 19:07:30;200;238363;c:\Users\Archie\Desktop\social data\SODAS2023\EXAM\data
2023-08-17 19:07:35;200;238363;c:\Users\Archie\Desktop\social data\SODAS2023\EXAM\data
2023-08-17 19:07:36;200;238356;c:\Users\Archie\Desktop\social data\SODAS2023\EXAM\data
2023-08-17 19:07:37;200;238357;c:\Users\Archie\Desktop\social data\SODAS2023\EXAM\data
2023-08-17 19:07:44;200;296420;c:\Users\Archie\Desktop\social data\SODAS2023\EXAM\data
2023-08-17 19:07:45;200;238360;c:\Users\Archie\Desktop\social data\SODAS2023\EXAM\data
2023-08-17 19:07:49;200;238363;c:\Users\Archie\Desktop\social data\SODAS2023\EXAM\data
2023-08-17 19:07:50;200;238357;c:\Users\Archie\Desktop\social data\SODAS2023\EXAM\data
2023-08-17 19:07:51;200;238356;c:\Users\Archie\Desktop\social data\SODAS2023\EXAM\data
2023-08-17 19:07:51;200;238357;c:\Users\Archie\Desktop\social data\SODAS2023\EXAM\data
2023-08-17 19:07:53;200;238357;c:\Users\Archie\Desktop\social data\SODAS2023\EXAM\data
2023-08-17 19:07:54;200;238354;c:\Users\Archie\Desktop\social data\SODAS2023\EXAM\data
2023-08-17 19:07:55;200;238357;c:\Users\Archie\Desktop\social data\SODAS2023\EXAM\data
2023-08-17 19:07:55;200;238363;c:\Users\Archie\Desktop\social data\SODAS2023\EXAM\data
2023-08-17 19:07:59;200;238357;c:\Users\Archie\Desktop\social data\SODAS2023\EXAM\data
2023-08-17 19:08:00;200;238357;c:\Users\Archie\Desktop\social data\SODAS2023\EXAM\data
2023-08-17 19:08:00;200;314773;c:\Users\Archie\Desktop\social data\SODAS2023\EXAM\data
2023-08-17 19:08:01;200;280622;c:\Users\Archie\Desktop\social data\SODAS2023\EXAM\data
2023-08-17 19:08:02;200;289272;c:\Users\Archie\Desktop\social data\SODAS2023\EXAM\data
2023-08-17 19:08:03;200;314289;c:\Users\Archie\Desktop\social data\SODAS2023\EXAM\data
2023-08-17 19:08:05;200;301431;c:\Users\Archie\Desktop\social data\SODAS2023\EXAM\data
2023-08-17 19:08:06;200;2089660;c:\Users\Archie\Desktop\social data\SODAS2023\EXAM\data
2023-08-17 19:08:15;200;336108;c:\Users\Archie\Desktop\social data\SODAS2023\EXAM\data
2023-08-17 19:08:16;200;293502;c:\Users\Archie\Desktop\social data\SODAS2023\EXAM\data
2023-08-17 19:08:17;200;293820;c:\Users\Archie\Desktop\social data\SODAS2023\EXAM\data
2023-08-17 19:08:17;200;335583;c:\Users\Archie\Desktop\social data\SODAS2023\EXAM\data
2023-08-17 19:08:18;200;336279;c:\Users\Archie\Desktop\social data\SODAS2023\EXAM\data
2023-08-17 19:08:19;200;275303;c:\Users\Archie\Desktop\social data\SODAS2023\EXAM\data
2023-08-17 19:08:20;200;356477;c:\Users\Archie\Desktop\social data\SODAS2023\EXAM\data
2023-08-17 19:08:21;200;327630;c:\Users\Archie\Desktop\social data\SODAS2023\EXAM\data
2023-08-17 19:08:21;200;310556;c:\Users\Archie\Desktop\social data\SODAS2023\EXAM\data
2023-08-17 19:08:22;200;305334;c:\Users\Archie\Desktop\social data\SODAS2023\EXAM\data
2023-08-17 19:08:23;200;342330;c:\Users\Archie\Desktop\social data\SODAS2023\EXAM\data
2023-08-17 19:08:24;200;330807;c:\Users\Archie\Desktop\social data\SODAS2023\EXAM\data
2023-08-17 19:08:25;200;316206;c:\Users\Archie\Desktop\social data\SODAS2023\EXAM\data
2023-08-17 19:08:26;200;317110;c:\Users\Archie\Desktop\social data\SODAS2023\EXAM\data
2023-08-17 19:08:28;200;333374;c:\Users\Archie\Desktop\social data\SODAS2023\EXAM\data
2023-08-17 19:08:29;200;315406;c:\Users\Archie\Desktop\social data\SODAS2023\EXAM\data
2023-08-17 19:08:30;200;308181;c:\Users\Archie\Desktop\social data\SODAS2023\EXAM\data
2023-08-17 19:08:35;200;312196;c:\Users\Archie\Desktop\social data\SODAS2023\EXAM\data
2023-08-17 19:08:39;200;330753;c:\Users\Archie\Desktop\social data\SODAS2023\EXAM\data
2023-08-17 19:08:40;200;316589;c:\Users\Archie\Desktop\social data\SODAS2023\EXAM\data
2023-08-17 19:08:41;200;281736;c:\Users\Archie\Desktop\social data\SODAS2023\EXAM\data
2023-08-17 19:08:43;200;341071;c:\Users\Archie\Desktop\social data\SODAS2023\EXAM\data
2023-08-17 19:08:52;200;332870;c:\Users\Archie\Desktop\social data\SODAS2023\EXAM\data
2023-08-17 19:08:52;200;318627;c:\Users\Archie\Desktop\social data\SODAS2023\EXAM\data
2023-08-17 19:08:53;200;316008;c:\Users\Archie\Desktop\social data\SODAS2023\EXAM\data
2023-08-17 19:08:54;200;293131;c:\Users\Archie\Desktop\social data\SODAS2023\EXAM\data
2023-08-17 19:08:55;200;318704;c:\Users\Archie\Desktop\social data\SODAS2023\EXAM\data
2023-08-17 19:08:57;200;292500;c:\Users\Archie\Desktop\social data\SODAS2023\EXAM\data
2023-08-17 19:08:58;200;288547;c:\Users\Archie\Desktop\social data\SODAS2023\EXAM\data
2023-08-17 19:08:59;200;294303;c:\Users\Archie\Desktop\social data\SODAS2023\EXAM\data
2023-08-17 19:09:00;200;474130;c:\Users\Archie\Desktop\social data\SODAS2023\EXAM\data
2023-08-17 19:09:01;200;272377;c:\Users\Archie\Desktop\social data\SODAS2023\EXAM\data
2023-08-17 19:09:02;200;275528;c:\Users\Archie\Desktop\social data\SODAS2023\EXAM\data
2023-08-17 19:09:02;200;292626;c:\Users\Archie\Desktop\social data\SODAS2023\EXAM\data
2023-08-17 19:09:03;200;304917;c:\Users\Archie\Desktop\social data\SODAS2023\EXAM\data
2023-08-17 19:09:04;200;314439;c:\Users\Archie\Desktop\social data\SODAS2023\EXAM\data
2023-08-17 19:09:07;200;305145;c:\Users\Archie\Desktop\social data\SODAS2023\EXAM\data
2023-08-17 19:09:08;200;308104;c:\Users\Archie\Desktop\social data\SODAS2023\EXAM\data
2023-08-17 19:09:09;200;290828;c:\Users\Archie\Desktop\social data\SODAS2023\EXAM\data
2023-08-17 19:09:12;200;271208;c:\Users\Archie\Desktop\social data\SODAS2023\EXAM\data
2023-08-17 19:09:12;200;299910;c:\Users\Archie\Desktop\social data\SODAS2023\EXAM\data
2023-08-17 19:09:13;200;290606;c:\Users\Archie\Desktop\social data\SODAS2023\EXAM\data
2023-08-17 19:09:14;200;338548;c:\Users\Archie\Desktop\social data\SODAS2023\EXAM\data
2023-08-17 19:09:15;200;298545;c:\Users\Archie\Desktop\social data\SODAS2023\EXAM\data
2023-08-17 19:09:16;200;344755;c:\Users\Archie\Desktop\social data\SODAS2023\EXAM\data
2023-08-17 19:09:16;200;303665;c:\Users\Archie\Desktop\social data\SODAS2023\EXAM\data
2023-08-17 19:09:17;200;316584;c:\Users\Archie\Desktop\social data\SODAS2023\EXAM\data
2023-08-17 19:09:18;200;305747;c:\Users\Archie\Desktop\social data\SODAS2023\EXAM\data
2023-08-17 19:09:19;200;344585;c:\Users\Archie\Desktop\social data\SODAS2023\EXAM\data
2023-08-17 19:09:20;200;2085780;c:\Users\Archie\Desktop\social data\SODAS2023\EXAM\data
2023-08-17 19:09:21;200;302842;c:\Users\Archie\Desktop\social data\SODAS2023\EXAM\data
2023-08-17 19:09:22;200;291960;c:\Users\Archie\Desktop\social data\SODAS2023\EXAM\data
2023-08-17 19:09:22;200;302347;c:\Users\Archie\Desktop\social data\SODAS2023\EXAM\data
2023-08-17 19:09:23;200;342452;c:\Users\Archie\Desktop\social data\SODAS2023\EXAM\data
2023-08-17 19:09:24;200;304237;c:\Users\Archie\Desktop\social data\SODAS2023\EXAM\data
2023-08-17 19:09:25;200;368901;c:\Users\Archie\Desktop\social data\SODAS2023\EXAM\data
2023-08-17 19:09:25;200;290005;c:\Users\Archie\Desktop\social data\SODAS2023\EXAM\data
2023-08-17 19:09:33;200;295981;c:\Users\Archie\Desktop\social data\SODAS2023\EXAM\data
2023-08-17 19:09:34;200;282844;c:\Users\Archie\Desktop\social data\SODAS2023\EXAM\data
2023-08-17 19:09:35;200;335354;c:\Users\Archie\Desktop\social data\SODAS2023\EXAM\data
2023-08-17 19:09:36;200;306646;c:\Users\Archie\Desktop\social data\SODAS2023\EXAM\data
2023-08-17 19:09:36;200;334786;c:\Users\Archie\Desktop\social data\SODAS2023\EXAM\data
2023-08-17 19:09:37;200;291014;c:\Users\Archie\Desktop\social data\SODAS2023\EXAM\data
2023-08-17 19:09:38;200;277615;c:\Users\Archie\Desktop\social data\SODAS2023\EXAM\data
2023-08-17 19:09:39;200;344317;c:\Users\Archie\Desktop\social data\SODAS2023\EXAM\data
2023-08-17 19:09:39;200;303171;c:\Users\Archie\Desktop\social data\SODAS2023\EXAM\data
2023-08-17 19:09:45;200;472181;c:\Users\Archie\Desktop\social data\SODAS2023\EXAM\data
2023-08-17 19:09:46;200;317512;c:\Users\Archie\Desktop\social data\SODAS2023\EXAM\data
2023-08-17 19:09:47;200;313732;c:\Users\Archie\Desktop\social data\SODAS2023\EXAM\data
2023-08-17 19:09:48;200;305495;c:\Users\Archie\Desktop\social data\SODAS2023\EXAM\data
2023-08-17 19:09:55;200;344741;c:\Users\Archie\Desktop\social data\SODAS2023\EXAM\data
2023-08-17 19:09:56;200;262861;c:\Users\Archie\Desktop\social data\SODAS2023\EXAM\data
2023-08-17 19:09:57;200;276725;c:\Users\Archie\Desktop\social data\SODAS2023\EXAM\data
2023-08-17 19:09:57;200;331184;c:\Users\Archie\Desktop\social data\SODAS2023\EXAM\data
2023-08-17 19:09:58;200;295641;c:\Users\Archie\Desktop\social data\SODAS2023\EXAM\data
2023-08-17 19:09:59;200;307266;c:\Users\Archie\Desktop\social data\SODAS2023\EXAM\data
2023-08-17 19:10:01;200;266831;c:\Users\Archie\Desktop\social data\SODAS2023\EXAM\data
2023-08-17 19:10:03;200;325873;c:\Users\Archie\Desktop\social data\SODAS2023\EXAM\data
2023-08-17 19:10:04;200;2088339;c:\Users\Archie\Desktop\social data\SODAS2023\EXAM\data
2023-08-17 19:10:05;200;346168;c:\Users\Archie\Desktop\social data\SODAS2023\EXAM\data
2023-08-17 19:10:06;200;270853;c:\Users\Archie\Desktop\social data\SODAS2023\EXAM\data
2023-08-17 19:10:07;200;309871;c:\Users\Archie\Desktop\social data\SODAS2023\EXAM\data
2023-08-17 19:10:08;200;1498041;c:\Users\Archie\Desktop\social data\SODAS2023\EXAM\data
2023-08-17 19:10:09;200;1503172;c:\Users\Archie\Desktop\social data\SODAS2023\EXAM\data
2023-08-17 19:10:11;200;324255;c:\Users\Archie\Desktop\social data\SODAS2023\EXAM\data
2023-08-17 19:10:11;200;307637;c:\Users\Archie\Desktop\social data\SODAS2023\EXAM\data
2023-08-17 19:10:12;200;312712;c:\Users\Archie\Desktop\social data\SODAS2023\EXAM\data
2023-08-17 19:10:14;200;295070;c:\Users\Archie\Desktop\social data\SODAS2023\EXAM\data
2023-08-17 19:10:15;200;305432;c:\Users\Archie\Desktop\social data\SODAS2023\EXAM\data
2023-08-17 19:10:20;200;302755;c:\Users\Archie\Desktop\social data\SODAS2023\EXAM\data
2023-08-17 19:10:21;200;304255;c:\Users\Archie\Desktop\social data\SODAS2023\EXAM\data
2023-08-17 19:10:22;200;2089244;c:\Users\Archie\Desktop\social data\SODAS2023\EXAM\data
2023-08-17 19:10:22;200;305319;c:\Users\Archie\Desktop\social data\SODAS2023\EXAM\data
2023-08-17 19:10:29;200;276554;c:\Users\Archie\Desktop\social data\SODAS2023\EXAM\data
2023-08-17 19:10:31;200;302280;c:\Users\Archie\Desktop\social data\SODAS2023\EXAM\data
2023-08-17 19:10:33;200;279430;c:\Users\Archie\Desktop\social data\SODAS2023\EXAM\data
2023-08-17 19:10:34;200;300285;c:\Users\Archie\Desktop\social data\SODAS2023\EXAM\data
2023-08-17 19:10:36;200;285585;c:\Users\Archie\Desktop\social data\SODAS2023\EXAM\data
2023-08-17 19:10:37;200;297228;c:\Users\Archie\Desktop\social data\SODAS2023\EXAM\data
2023-08-17 19:10:38;200;309770;c:\Users\Archie\Desktop\social data\SODAS2023\EXAM\data
2023-08-17 19:10:39;200;356750;c:\Users\Archie\Desktop\social data\SODAS2023\EXAM\data
2023-08-17 19:10:40;200;280603;c:\Users\Archie\Desktop\social data\SODAS2023\EXAM\data
2023-08-17 19:10:40;200;325071;c:\Users\Archie\Desktop\social data\SODAS2023\EXAM\data
2023-08-17 19:10:41;200;272231;c:\Users\Archie\Desktop\social data\SODAS2023\EXAM\data
2023-08-17 19:10:42;200;292105;c:\Users\Archie\Desktop\social data\SODAS2023\EXAM\data
2023-08-17 19:10:46;200;1503413;c:\Users\Archie\Desktop\social data\SODAS2023\EXAM\data
2023-08-17 19:10:47;200;334441;c:\Users\Archie\Desktop\social data\SODAS2023\EXAM\data
2023-08-17 19:10:48;200;303562;c:\Users\Archie\Desktop\social data\SODAS2023\EXAM\data
2023-08-17 19:10:49;200;311327;c:\Users\Archie\Desktop\social data\SODAS2023\EXAM\data
2023-08-17 19:10:50;200;310562;c:\Users\Archie\Desktop\social data\SODAS2023\EXAM\data
2023-08-17 19:10:51;200;329964;c:\Users\Archie\Desktop\social data\SODAS2023\EXAM\data
2023-08-17 19:10:51;200;317714;c:\Users\Archie\Desktop\social data\SODAS2023\EXAM\data
2023-08-17 19:10:52;200;265544;c:\Users\Archie\Desktop\social data\SODAS2023\EXAM\data
2023-08-17 19:10:53;200;270271;c:\Users\Archie\Desktop\social data\SODAS2023\EXAM\data
2023-08-17 19:10:54;200;293051;c:\Users\Archie\Desktop\social data\SODAS2023\EXAM\data
2023-08-17 19:10:55;200;287436;c:\Users\Archie\Desktop\social data\SODAS2023\EXAM\data
2023-08-17 19:10:55;200;301472;c:\Users\Archie\Desktop\social data\SODAS2023\EXAM\data
2023-08-17 19:10:56;200;315694;c:\Users\Archie\Desktop\social data\SODAS2023\EXAM\data
2023-08-17 19:10:57;200;325003;c:\Users\Archie\Desktop\social data\SODAS2023\EXAM\data
2023-08-17 19:10:58;200;366415;c:\Users\Archie\Desktop\social data\SODAS2023\EXAM\data
2023-08-17 19:10:59;200;303559;c:\Users\Archie\Desktop\social data\SODAS2023\EXAM\data
2023-08-17 19:11:07;200;282475;c:\Users\Archie\Desktop\social data\SODAS2023\EXAM\data
2023-08-17 19:11:07;200;292507;c:\Users\Archie\Desktop\social data\SODAS2023\EXAM\data
2023-08-17 19:11:08;200;313670;c:\Users\Archie\Desktop\social data\SODAS2023\EXAM\data
2023-08-17 19:11:21;200;314263;c:\Users\Archie\Desktop\social data\SODAS2023\EXAM\data
2023-08-17 19:11:22;200;300772;c:\Users\Archie\Desktop\social data\SODAS2023\EXAM\data
2023-08-17 19:11:23;200;322428;c:\Users\Archie\Desktop\social data\SODAS2023\EXAM\data
2023-08-17 19:11:27;200;310781;c:\Users\Archie\Desktop\social data\SODAS2023\EXAM\data
2023-08-17 19:11:28;200;330254;c:\Users\Archie\Desktop\social data\SODAS2023\EXAM\data
2023-08-17 19:11:29;200;287554;c:\Users\Archie\Desktop\social data\SODAS2023\EXAM\data
2023-08-17 19:11:31;200;328525;c:\Users\Archie\Desktop\social data\SODAS2023\EXAM\data
2023-08-17 19:11:31;200;273310;c:\Users\Archie\Desktop\social data\SODAS2023\EXAM\data
2023-08-17 19:11:33;200;268833;c:\Users\Archie\Desktop\social data\SODAS2023\EXAM\data
2023-08-17 19:11:34;200;297841;c:\Users\Archie\Desktop\social data\SODAS2023\EXAM\data
2023-08-17 19:11:36;200;305022;c:\Users\Archie\Desktop\social data\SODAS2023\EXAM\data
2023-08-17 19:11:37;200;474162;c:\Users\Archie\Desktop\social data\SODAS2023\EXAM\data
2023-08-17 19:11:37;200;312982;c:\Users\Archie\Desktop\social data\SODAS2023\EXAM\data
2023-08-17 19:11:38;200;276632;c:\Users\Archie\Desktop\social data\SODAS2023\EXAM\data
2023-08-17 19:11:39;200;311087;c:\Users\Archie\Desktop\social data\SODAS2023\EXAM\data
2023-08-17 19:11:41;200;294049;c:\Users\Archie\Desktop\social data\SODAS2023\EXAM\data
2023-08-17 19:11:41;200;346491;c:\Users\Archie\Desktop\social data\SODAS2023\EXAM\data
2023-08-17 19:11:42;200;292241;c:\Users\Archie\Desktop\social data\SODAS2023\EXAM\data
2023-08-17 19:11:43;200;297408;c:\Users\Archie\Desktop\social data\SODAS2023\EXAM\data
2023-08-17 19:11:45;200;336356;c:\Users\Archie\Desktop\social data\SODAS2023\EXAM\data
2023-08-17 19:11:45;200;291963;c:\Users\Archie\Desktop\social data\SODAS2023\EXAM\data
2023-08-17 19:11:47;200;347276;c:\Users\Archie\Desktop\social data\SODAS2023\EXAM\data
2023-08-17 19:11:48;200;309755;c:\Users\Archie\Desktop\social data\SODAS2023\EXAM\data
2023-08-17 19:11:49;200;318612;c:\Users\Archie\Desktop\social data\SODAS2023\EXAM\data
2023-08-17 19:11:50;200;272094;c:\Users\Archie\Desktop\social data\SODAS2023\EXAM\data
2023-08-17 19:11:50;200;292016;c:\Users\Archie\Desktop\social data\SODAS2023\EXAM\data
2023-08-17 19:11:51;200;289603;c:\Users\Archie\Desktop\social data\SODAS2023\EXAM\data
2023-08-17 19:11:52;200;279942;c:\Users\Archie\Desktop\social data\SODAS2023\EXAM\data
2023-08-17 19:11:53;200;304346;c:\Users\Archie\Desktop\social data\SODAS2023\EXAM\data
2023-08-17 19:11:54;200;291369;c:\Users\Archie\Desktop\social data\SODAS2023\EXAM\data
2023-08-17 19:11:55;200;302632;c:\Users\Archie\Desktop\social data\SODAS2023\EXAM\data
2023-08-17 19:11:55;200;274042;c:\Users\Archie\Desktop\social data\SODAS2023\EXAM\data
2023-08-17 19:11:56;200;304222;c:\Users\Archie\Desktop\social data\SODAS2023\EXAM\data
2023-08-17 19:11:57;200;296948;c:\Users\Archie\Desktop\social data\SODAS2023\EXAM\data
2023-08-17 19:11:58;200;2091694;c:\Users\Archie\Desktop\social data\SODAS2023\EXAM\data
2023-08-17 19:11:59;200;293912;c:\Users\Archie\Desktop\social data\SODAS2023\EXAM\data
2023-08-17 19:12:00;200;278000;c:\Users\Archie\Desktop\social data\SODAS2023\EXAM\data
2023-08-17 19:12:02;200;276796;c:\Users\Archie\Desktop\social data\SODAS2023\EXAM\data
2023-08-17 19:12:02;200;314152;c:\Users\Archie\Desktop\social data\SODAS2023\EXAM\data
2023-08-17 19:12:03;200;292253;c:\Users\Archie\Desktop\social data\SODAS2023\EXAM\data
2023-08-17 19:12:05;200;288144;c:\Users\Archie\Desktop\social data\SODAS2023\EXAM\data
2023-08-17 19:12:06;200;322789;c:\Users\Archie\Desktop\social data\SODAS2023\EXAM\data
2023-08-17 19:12:13;200;272439;c:\Users\Archie\Desktop\social data\SODAS2023\EXAM\data
2023-08-17 19:12:13;200;278683;c:\Users\Archie\Desktop\social data\SODAS2023\EXAM\data
2023-08-17 19:12:14;200;347843;c:\Users\Archie\Desktop\social data\SODAS2023\EXAM\data
2023-08-17 19:12:15;200;307643;c:\Users\Archie\Desktop\social data\SODAS2023\EXAM\data
